position,hashvalue,name,phone Number,email Id,name,phone Number,email Id,name,phone Number,email Id,name,phone Number,email Id,name,phone Number,email Id,name,phone Number,email Id
169,169 ,Ed,12345566,pradheep.sh@gmail.com 
173,173 ,Al,12345566,pradheep.sh@gmail.com ,Jc,12345566,pradheep.sh@gmail.com 
177,177 ,Bo,12345566,pradheep.sh@gmail.com 
196,196 ,Wm,12345566,pradheep.sh@gmail.com 
205,205 ,Ty,12345566,pradheep.sh@gmail.com 
264,264 ,Abe,12345566,pradheep.sh@gmail.com 
270,270 ,Dee,12345566,pradheep.sh@gmail.com 
272,272 ,Jae,12345566,pradheep.sh@gmail.com 
273,273 ,Mac,12345566,pradheep.sh@gmail.com 
274,274 ,Hai,12345566,pradheep.sh@gmail.com 
275,275 ,Bob,12345566,pradheep.sh@gmail.com ,Dan,12345566,pradheep.sh@gmail.com ,Jed,12345566,pradheep.sh@gmail.com 
276,276 ,Chi,12345566,pradheep.sh@gmail.com 
277,277 ,Asa,12345566,pradheep.sh@gmail.com ,Ben,12345566,pradheep.sh@gmail.com ,Del,12345566,pradheep.sh@gmail.com ,Hal,12345566,pradheep.sh@gmail.com 
278,278 ,Ali,12345566,pradheep.sh@gmail.com ,Lee,12345566,pradheep.sh@gmail.com 
279,279 ,Ned,12345566,pradheep.sh@gmail.com 
280,280 ,Ian,12345566,pradheep.sh@gmail.com 
281,281 ,Ike,12345566,pradheep.sh@gmail.com ,Jan,12345566,pradheep.sh@gmail.com ,Tad,12345566,pradheep.sh@gmail.com 
282,282 ,Eli,12345566,pradheep.sh@gmail.com 
283,283 ,Bud,12345566,pradheep.sh@gmail.com 
284,284 ,Gil,12345566,pradheep.sh@gmail.com ,Ira,12345566,pradheep.sh@gmail.com ,Man,12345566,pradheep.sh@gmail.com 
285,285 ,Ted,12345566,pradheep.sh@gmail.com 
286,286 ,Joe,12345566,pradheep.sh@gmail.com ,Ken,12345566,pradheep.sh@gmail.com ,Mel,12345566,pradheep.sh@gmail.com 
287,287 ,Len,12345566,pradheep.sh@gmail.com 
288,288 ,Jim,12345566,pradheep.sh@gmail.com ,Leo,12345566,pradheep.sh@gmail.com ,Sal,12345566,pradheep.sh@gmail.com ,Sid,12345566,pradheep.sh@gmail.com 
289,289 ,Don,12345566,pradheep.sh@gmail.com ,Kim,12345566,pradheep.sh@gmail.com ,Sam,12345566,pradheep.sh@gmail.com 
290,290 ,Noe,12345566,pradheep.sh@gmail.com 
291,291 ,Rob,12345566,pradheep.sh@gmail.com ,Val,12345566,pradheep.sh@gmail.com 
292,292 ,Jay,12345566,pradheep.sh@gmail.com ,Kip,12345566,pradheep.sh@gmail.com ,Les,12345566,pradheep.sh@gmail.com 
293,293 ,Pat,12345566,pradheep.sh@gmail.com ,Rod,12345566,pradheep.sh@gmail.com ,Van,12345566,pradheep.sh@gmail.com 
294,294 ,Max,12345566,pradheep.sh@gmail.com 
295,295 ,Art,12345566,pradheep.sh@gmail.com ,Jon,12345566,pradheep.sh@gmail.com ,Tod,12345566,pradheep.sh@gmail.com 
297,297 ,Lon,12345566,pradheep.sh@gmail.com 
298,298 ,Tim,12345566,pradheep.sh@gmail.com 
299,299 ,Coy,12345566,pradheep.sh@gmail.com 
300,300 ,Ray,12345566,pradheep.sh@gmail.com 
302,302 ,Sol,12345566,pradheep.sh@gmail.com 
303,303 ,Gus,12345566,pradheep.sh@gmail.com ,Rex,12345566,pradheep.sh@gmail.com ,Ron,12345566,pradheep.sh@gmail.com ,Wes,12345566,pradheep.sh@gmail.com 
304,304 ,Lou,12345566,pradheep.sh@gmail.com ,Rey,12345566,pradheep.sh@gmail.com ,Son,12345566,pradheep.sh@gmail.com ,Tom,12345566,pradheep.sh@gmail.com 
307,307 ,Von,12345566,pradheep.sh@gmail.com 
309,309 ,Guy,12345566,pradheep.sh@gmail.com 
314,314 ,Roy,12345566,pradheep.sh@gmail.com 
368,368 ,Chad,12345566,pradheep.sh@gmail.com 
371,371 ,Adam,12345566,pradheep.sh@gmail.com 
372,372 ,Abel,12345566,pradheep.sh@gmail.com ,Adan,12345566,pradheep.sh@gmail.com ,Dana,12345566,pradheep.sh@gmail.com 
373,373 ,Alec,12345566,pradheep.sh@gmail.com 
374,374 ,Dale,12345566,pradheep.sh@gmail.com 
376,376 ,Dane,12345566,pradheep.sh@gmail.com ,Dean,12345566,pradheep.sh@gmail.com 
377,377 ,Brad,12345566,pradheep.sh@gmail.com ,Gale,12345566,pradheep.sh@gmail.com ,Jack,12345566,pradheep.sh@gmail.com 
379,379 ,Dick,12345566,pradheep.sh@gmail.com ,Jake,12345566,pradheep.sh@gmail.com ,Jeff,12345566,pradheep.sh@gmail.com 
380,380 ,Alan,12345566,pradheep.sh@gmail.com ,Mack,12345566,pradheep.sh@gmail.com 
381,381 ,Beau,12345566,pradheep.sh@gmail.com ,Gail,12345566,pradheep.sh@gmail.com ,Jame,12345566,pradheep.sh@gmail.com 
382,382 ,Jean,12345566,pradheep.sh@gmail.com 
383,383 ,Chas,12345566,pradheep.sh@gmail.com ,Gene,12345566,pradheep.sh@gmail.com 
384,384 ,Aldo,12345566,pradheep.sh@gmail.com ,Dave,12345566,pradheep.sh@gmail.com ,Lane,12345566,pradheep.sh@gmail.com ,Leif,12345566,pradheep.sh@gmail.com ,Neal,12345566,pradheep.sh@gmail.com ,Reed,12345566,pradheep.sh@gmail.com ,Shad,12345566,pradheep.sh@gmail.com 
385,385 ,Fred,12345566,pradheep.sh@gmail.com ,Herb,12345566,pradheep.sh@gmail.com ,Thad,12345566,pradheep.sh@gmail.com ,Wade,12345566,pradheep.sh@gmail.com 
386,386 ,Carl,12345566,pradheep.sh@gmail.com ,Hank,12345566,pradheep.sh@gmail.com 
387,387 ,Bill,12345566,pradheep.sh@gmail.com ,Cleo,12345566,pradheep.sh@gmail.com ,Cole,12345566,pradheep.sh@gmail.com ,Eric,12345566,pradheep.sh@gmail.com ,Marc,12345566,pradheep.sh@gmail.com 
388,388 ,Alva,12345566,pradheep.sh@gmail.com ,Chet,12345566,pradheep.sh@gmail.com ,Earl,12345566,pradheep.sh@gmail.com ,Reid,12345566,pradheep.sh@gmail.com 
389,389 ,Buck,12345566,pradheep.sh@gmail.com ,Greg,12345566,pradheep.sh@gmail.com ,Nick,12345566,pradheep.sh@gmail.com 
390,390 ,Deon,12345566,pradheep.sh@gmail.com ,Eddy,12345566,pradheep.sh@gmail.com ,Glen,12345566,pradheep.sh@gmail.com ,Jere,12345566,pradheep.sh@gmail.com ,Mike,12345566,pradheep.sh@gmail.com ,Noah,12345566,pradheep.sh@gmail.com ,Rich,12345566,pradheep.sh@gmail.com 
391,391 ,Emil,12345566,pradheep.sh@gmail.com ,Sean,12345566,pradheep.sh@gmail.com 
392,392 ,Dong,12345566,pradheep.sh@gmail.com ,Joan,12345566,pradheep.sh@gmail.com ,Jude,12345566,pradheep.sh@gmail.com ,Neil,12345566,pradheep.sh@gmail.com 
393,393 ,Bart,12345566,pradheep.sh@gmail.com ,Clay,12345566,pradheep.sh@gmail.com ,King,12345566,pradheep.sh@gmail.com ,Lacy,12345566,pradheep.sh@gmail.com ,Rick,12345566,pradheep.sh@gmail.com ,Sang,12345566,pradheep.sh@gmail.com ,Zack,12345566,pradheep.sh@gmail.com 
394,394 ,Alex,12345566,pradheep.sh@gmail.com ,Dino,12345566,pradheep.sh@gmail.com ,Dion,12345566,pradheep.sh@gmail.com ,Dirk,12345566,pradheep.sh@gmail.com ,Evan,12345566,pradheep.sh@gmail.com ,Hans,12345566,pradheep.sh@gmail.com ,Joel,12345566,pradheep.sh@gmail.com ,Karl,12345566,pradheep.sh@gmail.com ,Rene,12345566,pradheep.sh@gmail.com 
395,395 ,Erik,12345566,pradheep.sh@gmail.com ,Mark,12345566,pradheep.sh@gmail.com ,Todd,12345566,pradheep.sh@gmail.com 
396,396 ,Andy,12345566,pradheep.sh@gmail.com ,Hong,12345566,pradheep.sh@gmail.com ,Hugh,12345566,pradheep.sh@gmail.com ,Minh,12345566,pradheep.sh@gmail.com ,Otha,12345566,pradheep.sh@gmail.com 
397,397 ,Bert,12345566,pradheep.sh@gmail.com ,Bret,12345566,pradheep.sh@gmail.com ,Elmo,12345566,pradheep.sh@gmail.com ,Gino,12345566,pradheep.sh@gmail.com ,Phil,12345566,pradheep.sh@gmail.com ,Rico,12345566,pradheep.sh@gmail.com 
398,398 ,Boyd,12345566,pradheep.sh@gmail.com ,Erin,12345566,pradheep.sh@gmail.com ,Ivan,12345566,pradheep.sh@gmail.com ,Juan,12345566,pradheep.sh@gmail.com ,Leon,12345566,pradheep.sh@gmail.com ,Noel,12345566,pradheep.sh@gmail.com ,Olen,12345566,pradheep.sh@gmail.com ,Pete,12345566,pradheep.sh@gmail.com ,Ward,12345566,pradheep.sh@gmail.com ,Zane,12345566,pradheep.sh@gmail.com 
399,399 ,Cary,12345566,pradheep.sh@gmail.com ,Cody,12345566,pradheep.sh@gmail.com ,Donn,12345566,pradheep.sh@gmail.com ,Doug,12345566,pradheep.sh@gmail.com ,John,12345566,pradheep.sh@gmail.com ,Odis,12345566,pradheep.sh@gmail.com ,Omar,12345566,pradheep.sh@gmail.com 
400,400 ,Amos,12345566,pradheep.sh@gmail.com ,Aron,12345566,pradheep.sh@gmail.com ,Levi,12345566,pradheep.sh@gmail.com ,Long,12345566,pradheep.sh@gmail.com ,Theo,12345566,pradheep.sh@gmail.com 
401,401 ,Jose,12345566,pradheep.sh@gmail.com ,Kirk,12345566,pradheep.sh@gmail.com ,Luke,12345566,pradheep.sh@gmail.com ,Milo,12345566,pradheep.sh@gmail.com 
402,402 ,Drew,12345566,pradheep.sh@gmail.com ,Ezra,12345566,pradheep.sh@gmail.com ,Hung,12345566,pradheep.sh@gmail.com ,Kent,12345566,pradheep.sh@gmail.com ,Lino,12345566,pradheep.sh@gmail.com ,Olin,12345566,pradheep.sh@gmail.com ,Paul,12345566,pradheep.sh@gmail.com 
403,403 ,Gary,12345566,pradheep.sh@gmail.com ,Hugo,12345566,pradheep.sh@gmail.com ,Omer,12345566,pradheep.sh@gmail.com ,Rolf,12345566,pradheep.sh@gmail.com 
404,404 ,Josh,12345566,pradheep.sh@gmail.com ,Mose,12345566,pradheep.sh@gmail.com ,Oren,12345566,pradheep.sh@gmail.com ,Raul,12345566,pradheep.sh@gmail.com ,Seth,12345566,pradheep.sh@gmail.com 
405,405 ,Burl,12345566,pradheep.sh@gmail.com ,Jess,12345566,pradheep.sh@gmail.com ,Kyle,12345566,pradheep.sh@gmail.com ,Saul,12345566,pradheep.sh@gmail.com 
406,406 ,Jody,12345566,pradheep.sh@gmail.com ,Lupe,12345566,pradheep.sh@gmail.com ,Lyle,12345566,pradheep.sh@gmail.com ,Matt,12345566,pradheep.sh@gmail.com ,Stan,12345566,pradheep.sh@gmail.com 
407,407 ,Joey,12345566,pradheep.sh@gmail.com ,Robt,12345566,pradheep.sh@gmail.com 
408,408 ,Loyd,12345566,pradheep.sh@gmail.com ,Shon,12345566,pradheep.sh@gmail.com ,Tuan,12345566,pradheep.sh@gmail.com ,Will,12345566,pradheep.sh@gmail.com 
409,409 ,Eloy,12345566,pradheep.sh@gmail.com ,Kris,12345566,pradheep.sh@gmail.com ,Mary,12345566,pradheep.sh@gmail.com ,Owen,12345566,pradheep.sh@gmail.com ,Scot,12345566,pradheep.sh@gmail.com 
410,410 ,Ryan,12345566,pradheep.sh@gmail.com 
411,411 ,Huey,12345566,pradheep.sh@gmail.com ,Vern,12345566,pradheep.sh@gmail.com 
413,413 ,Burt,12345566,pradheep.sh@gmail.com ,Cory,12345566,pradheep.sh@gmail.com ,Luis,12345566,pradheep.sh@gmail.com ,Sung,12345566,pradheep.sh@gmail.com ,Yong,12345566,pradheep.sh@gmail.com 
414,414 ,Curt,12345566,pradheep.sh@gmail.com ,Toby,12345566,pradheep.sh@gmail.com 
415,415 ,Otis,12345566,pradheep.sh@gmail.com 
417,417 ,Lynn,12345566,pradheep.sh@gmail.com 
418,418 ,Vito,12345566,pradheep.sh@gmail.com 
420,420 ,Cruz,12345566,pradheep.sh@gmail.com ,Hoyt,12345566,pradheep.sh@gmail.com ,Rudy,12345566,pradheep.sh@gmail.com ,Trey,12345566,pradheep.sh@gmail.com 
421,421 ,Kory,12345566,pradheep.sh@gmail.com 
422,422 ,Kurt,12345566,pradheep.sh@gmail.com ,Otto,12345566,pradheep.sh@gmail.com 
423,423 ,Ross,12345566,pradheep.sh@gmail.com 
426,426 ,Tony,12345566,pradheep.sh@gmail.com 
428,428 ,Rory,12345566,pradheep.sh@gmail.com 
429,429 ,Russ,12345566,pradheep.sh@gmail.com 
430,430 ,Tory,12345566,pradheep.sh@gmail.com ,Troy,12345566,pradheep.sh@gmail.com 
471,471 ,Caleb,12345566,pradheep.sh@gmail.com 
475,475 ,Ahmad,12345566,pradheep.sh@gmail.com ,Eddie,12345566,pradheep.sh@gmail.com 
479,479 ,Ahmed,12345566,pradheep.sh@gmail.com ,Blake,12345566,pradheep.sh@gmail.com ,Jacob,12345566,pradheep.sh@gmail.com 
480,480 ,Cecil,12345566,pradheep.sh@gmail.com 
481,481 ,Chang,12345566,pradheep.sh@gmail.com ,Isaac,12345566,pradheep.sh@gmail.com 
482,482 ,Amado,12345566,pradheep.sh@gmail.com ,Micah,12345566,pradheep.sh@gmail.com 
483,483 ,Abram,12345566,pradheep.sh@gmail.com ,Edgar,12345566,pradheep.sh@gmail.com ,Lance,12345566,pradheep.sh@gmail.com 
484,484 ,Alden,12345566,pradheep.sh@gmail.com ,Chase,12345566,pradheep.sh@gmail.com ,Cliff,12345566,pradheep.sh@gmail.com ,Fidel,12345566,pradheep.sh@gmail.com 
485,485 ,Brice,12345566,pradheep.sh@gmail.com ,Jamal,12345566,pradheep.sh@gmail.com 
486,486 ,Craig,12345566,pradheep.sh@gmail.com ,Jaime,12345566,pradheep.sh@gmail.com ,Jamie,12345566,pradheep.sh@gmail.com ,Jared,12345566,pradheep.sh@gmail.com 
487,487 ,Angel,12345566,pradheep.sh@gmail.com ,Galen,12345566,pradheep.sh@gmail.com 
488,488 ,Abdul,12345566,pradheep.sh@gmail.com ,Allan,12345566,pradheep.sh@gmail.com ,David,12345566,pradheep.sh@gmail.com ,Diego,12345566,pradheep.sh@gmail.com ,Elden,12345566,pradheep.sh@gmail.com 
489,489 ,Claud,12345566,pradheep.sh@gmail.com ,Earle,12345566,pradheep.sh@gmail.com ,Jamel,12345566,pradheep.sh@gmail.com ,Leigh,12345566,pradheep.sh@gmail.com 
490,490 ,Andre,12345566,pradheep.sh@gmail.com ,Arden,12345566,pradheep.sh@gmail.com ,Blair,12345566,pradheep.sh@gmail.com ,Daren,12345566,pradheep.sh@gmail.com ,Graig,12345566,pradheep.sh@gmail.com ,Heath,12345566,pradheep.sh@gmail.com ,Maria,12345566,pradheep.sh@gmail.com 
491,491 ,Basil,12345566,pradheep.sh@gmail.com ,Clair,12345566,pradheep.sh@gmail.com ,Derek,12345566,pradheep.sh@gmail.com ,Erich,12345566,pradheep.sh@gmail.com ,Jamar,12345566,pradheep.sh@gmail.com 
492,492 ,Allen,12345566,pradheep.sh@gmail.com ,Brain,12345566,pradheep.sh@gmail.com ,Brian,12345566,pradheep.sh@gmail.com ,Dante,12345566,pradheep.sh@gmail.com ,Emile,12345566,pradheep.sh@gmail.com ,Gregg,12345566,pradheep.sh@gmail.com 
493,493 ,Ariel,12345566,pradheep.sh@gmail.com ,Arlie,12345566,pradheep.sh@gmail.com ,Clark,12345566,pradheep.sh@gmail.com ,Duane,12345566,pradheep.sh@gmail.com ,Enoch,12345566,pradheep.sh@gmail.com ,Lamar,12345566,pradheep.sh@gmail.com ,Vance,12345566,pradheep.sh@gmail.com 
494,494 ,Bobby,12345566,pradheep.sh@gmail.com ,Cesar,12345566,pradheep.sh@gmail.com ,Chuck,12345566,pradheep.sh@gmail.com ,Darin,12345566,pradheep.sh@gmail.com ,Elias,12345566,pradheep.sh@gmail.com ,Erick,12345566,pradheep.sh@gmail.com ,Isiah,12345566,pradheep.sh@gmail.com ,Kraig,12345566,pradheep.sh@gmail.com ,Malik,12345566,pradheep.sh@gmail.com ,Pablo,12345566,pradheep.sh@gmail.com 
495,495 ,Chong,12345566,pradheep.sh@gmail.com ,Damon,12345566,pradheep.sh@gmail.com ,Dario,12345566,pradheep.sh@gmail.com ,Nigel,12345566,pradheep.sh@gmail.com ,Shane,12345566,pradheep.sh@gmail.com 
496,496 ,Efren,12345566,pradheep.sh@gmail.com ,Ethan,12345566,pradheep.sh@gmail.com ,Hosea,12345566,pradheep.sh@gmail.com ,James,12345566,pradheep.sh@gmail.com ,Jarod,12345566,pradheep.sh@gmail.com ,Jonah,12345566,pradheep.sh@gmail.com ,Noble,12345566,pradheep.sh@gmail.com ,Odell,12345566,pradheep.sh@gmail.com 
497,497 ,Aaron,12345566,pradheep.sh@gmail.com ,Brock,12345566,pradheep.sh@gmail.com ,Bruce,12345566,pradheep.sh@gmail.com ,Carlo,12345566,pradheep.sh@gmail.com ,Carol,12345566,pradheep.sh@gmail.com ,Clyde,12345566,pradheep.sh@gmail.com ,Hiram,12345566,pradheep.sh@gmail.com ,Logan,12345566,pradheep.sh@gmail.com ,Milan,12345566,pradheep.sh@gmail.com 
498,498 ,Arlen,12345566,pradheep.sh@gmail.com ,Boyce,12345566,pradheep.sh@gmail.com ,Brady,12345566,pradheep.sh@gmail.com ,Eldon,12345566,pradheep.sh@gmail.com ,Frank,12345566,pradheep.sh@gmail.com ,Gayle,12345566,pradheep.sh@gmail.com ,Marco,12345566,pradheep.sh@gmail.com ,Mikel,12345566,pradheep.sh@gmail.com 
499,499 ,Denis,12345566,pradheep.sh@gmail.com ,Dwain,12345566,pradheep.sh@gmail.com ,Ernie,12345566,pradheep.sh@gmail.com ,Issac,12345566,pradheep.sh@gmail.com ,Thanh,12345566,pradheep.sh@gmail.com 
500,500 ,Carey,12345566,pradheep.sh@gmail.com ,Daron,12345566,pradheep.sh@gmail.com ,Glenn,12345566,pradheep.sh@gmail.com 
501,501 ,Bryce,12345566,pradheep.sh@gmail.com ,Casey,12345566,pradheep.sh@gmail.com ,Chung,12345566,pradheep.sh@gmail.com ,Colin,12345566,pradheep.sh@gmail.com ,Elmer,12345566,pradheep.sh@gmail.com ,Gavin,12345566,pradheep.sh@gmail.com ,Keith,12345566,pradheep.sh@gmail.com ,Kieth,12345566,pradheep.sh@gmail.com ,Merle,12345566,pradheep.sh@gmail.com ,Mitch,12345566,pradheep.sh@gmail.com ,Ollie,12345566,pradheep.sh@gmail.com ,Vince,12345566,pradheep.sh@gmail.com 
502,502 ,Devin,12345566,pradheep.sh@gmail.com ,Garth,12345566,pradheep.sh@gmail.com ,Jamey,12345566,pradheep.sh@gmail.com ,Rocco,12345566,pradheep.sh@gmail.com 
503,503 ,Brant,12345566,pradheep.sh@gmail.com ,Davis,12345566,pradheep.sh@gmail.com ,Edwin,12345566,pradheep.sh@gmail.com ,Grady,12345566,pradheep.sh@gmail.com ,Jewel,12345566,pradheep.sh@gmail.com ,Jorge,12345566,pradheep.sh@gmail.com ,Josef,12345566,pradheep.sh@gmail.com ,Ralph,12345566,pradheep.sh@gmail.com ,Waldo,12345566,pradheep.sh@gmail.com 
504,504 ,Buddy,12345566,pradheep.sh@gmail.com ,Dylan,12345566,pradheep.sh@gmail.com ,Felix,12345566,pradheep.sh@gmail.com ,Lucas,12345566,pradheep.sh@gmail.com ,Mario,12345566,pradheep.sh@gmail.com ,Nolan,12345566,pradheep.sh@gmail.com ,Oscar,12345566,pradheep.sh@gmail.com 
505,505 ,Chris,12345566,pradheep.sh@gmail.com ,Colby,12345566,pradheep.sh@gmail.com ,Ellis,12345566,pradheep.sh@gmail.com ,Keven,12345566,pradheep.sh@gmail.com ,Major,12345566,pradheep.sh@gmail.com 
506,506 ,Alvin,12345566,pradheep.sh@gmail.com ,Clint,12345566,pradheep.sh@gmail.com ,Danny,12345566,pradheep.sh@gmail.com ,Donte,12345566,pradheep.sh@gmail.com ,Jesse,12345566,pradheep.sh@gmail.com ,Luigi,12345566,pradheep.sh@gmail.com ,Miles,12345566,pradheep.sh@gmail.com ,Pedro,12345566,pradheep.sh@gmail.com ,Robin,12345566,pradheep.sh@gmail.com ,Teddy,12345566,pradheep.sh@gmail.com 
507,507 ,Brent,12345566,pradheep.sh@gmail.com ,Homer,12345566,pradheep.sh@gmail.com ,Jason,12345566,pradheep.sh@gmail.com ,Jonas,12345566,pradheep.sh@gmail.com 
508,508 ,Benny,12345566,pradheep.sh@gmail.com ,Billy,12345566,pradheep.sh@gmail.com ,Bryan,12345566,pradheep.sh@gmail.com ,Daryl,12345566,pradheep.sh@gmail.com ,Devon,12345566,pradheep.sh@gmail.com ,Grant,12345566,pradheep.sh@gmail.com ,Lucio,12345566,pradheep.sh@gmail.com ,Moshe,12345566,pradheep.sh@gmail.com ,Ruben,12345566,pradheep.sh@gmail.com ,Silas,12345566,pradheep.sh@gmail.com 
509,509 ,Doyle,12345566,pradheep.sh@gmail.com ,Hyman,12345566,pradheep.sh@gmail.com ,Kasey,12345566,pradheep.sh@gmail.com ,Kevin,12345566,pradheep.sh@gmail.com ,Ramon,12345566,pradheep.sh@gmail.com ,Roman,12345566,pradheep.sh@gmail.com 
510,510 ,Alton,12345566,pradheep.sh@gmail.com ,Denny,12345566,pradheep.sh@gmail.com ,Dewey,12345566,pradheep.sh@gmail.com ,Elvin,12345566,pradheep.sh@gmail.com ,Floyd,12345566,pradheep.sh@gmail.com ,Louie,12345566,pradheep.sh@gmail.com ,Mason,12345566,pradheep.sh@gmail.com ,Nicky,12345566,pradheep.sh@gmail.com ,Randy,12345566,pradheep.sh@gmail.com ,Robby,12345566,pradheep.sh@gmail.com 
511,511 ,Boris,12345566,pradheep.sh@gmail.com ,Paris,12345566,pradheep.sh@gmail.com ,Roger,12345566,pradheep.sh@gmail.com ,Sandy,12345566,pradheep.sh@gmail.com ,Shaun,12345566,pradheep.sh@gmail.com 
512,512 ,Anton,12345566,pradheep.sh@gmail.com ,Barry,12345566,pradheep.sh@gmail.com ,Loren,12345566,pradheep.sh@gmail.com ,Peter,12345566,pradheep.sh@gmail.com ,Rubin,12345566,pradheep.sh@gmail.com 
513,513 ,Brett,12345566,pradheep.sh@gmail.com ,Kelly,12345566,pradheep.sh@gmail.com ,Kirby,12345566,pradheep.sh@gmail.com ,Lyman,12345566,pradheep.sh@gmail.com ,Shawn,12345566,pradheep.sh@gmail.com 
514,514 ,Arron,12345566,pradheep.sh@gmail.com ,Corey,12345566,pradheep.sh@gmail.com ,Elton,12345566,pradheep.sh@gmail.com ,Emery,12345566,pradheep.sh@gmail.com ,Lanny,12345566,pradheep.sh@gmail.com ,Ricky,12345566,pradheep.sh@gmail.com ,Romeo,12345566,pradheep.sh@gmail.com ,Royce,12345566,pradheep.sh@gmail.com 
515,515 ,Cyril,12345566,pradheep.sh@gmail.com ,Elvis,12345566,pradheep.sh@gmail.com ,Jules,12345566,pradheep.sh@gmail.com ,Julio,12345566,pradheep.sh@gmail.com ,Monte,12345566,pradheep.sh@gmail.com ,Percy,12345566,pradheep.sh@gmail.com ,Tracy,12345566,pradheep.sh@gmail.com 
516,516 ,Berry,12345566,pradheep.sh@gmail.com ,Errol,12345566,pradheep.sh@gmail.com ,Ervin,12345566,pradheep.sh@gmail.com ,Lewis,12345566,pradheep.sh@gmail.com ,Lloyd,12345566,pradheep.sh@gmail.com ,Mauro,12345566,pradheep.sh@gmail.com ,Orval,12345566,pradheep.sh@gmail.com ,Stacy,12345566,pradheep.sh@gmail.com ,Tomas,12345566,pradheep.sh@gmail.com ,Wayne,12345566,pradheep.sh@gmail.com 
517,517 ,Britt,12345566,pradheep.sh@gmail.com ,Erwin,12345566,pradheep.sh@gmail.com ,Garry,12345566,pradheep.sh@gmail.com ,Kenny,12345566,pradheep.sh@gmail.com ,Riley,12345566,pradheep.sh@gmail.com ,Santo,12345566,pradheep.sh@gmail.com 
518,518 ,Bruno,12345566,pradheep.sh@gmail.com ,Harry,12345566,pradheep.sh@gmail.com ,Henry,12345566,pradheep.sh@gmail.com ,Jimmy,12345566,pradheep.sh@gmail.com ,Josue,12345566,pradheep.sh@gmail.com ,Lenny,12345566,pradheep.sh@gmail.com ,Simon,12345566,pradheep.sh@gmail.com 
519,519 ,Avery,12345566,pradheep.sh@gmail.com ,Moses,12345566,pradheep.sh@gmail.com ,Rhett,12345566,pradheep.sh@gmail.com ,Royal,12345566,pradheep.sh@gmail.com ,Sammy,12345566,pradheep.sh@gmail.com ,Steve,12345566,pradheep.sh@gmail.com 
520,520 ,Donny,12345566,pradheep.sh@gmail.com ,Irvin,12345566,pradheep.sh@gmail.com ,Reyes,12345566,pradheep.sh@gmail.com ,Rocky,12345566,pradheep.sh@gmail.com 
521,521 ,Gerry,12345566,pradheep.sh@gmail.com ,Irwin,12345566,pradheep.sh@gmail.com ,Tyree,12345566,pradheep.sh@gmail.com ,Wally,12345566,pradheep.sh@gmail.com 
522,522 ,Bryon,12345566,pradheep.sh@gmail.com ,Byron,12345566,pradheep.sh@gmail.com ,Jesus,12345566,pradheep.sh@gmail.com ,Korey,12345566,pradheep.sh@gmail.com ,Larry,12345566,pradheep.sh@gmail.com ,Myles,12345566,pradheep.sh@gmail.com ,Wiley,12345566,pradheep.sh@gmail.com 
523,523 ,Elroy,12345566,pradheep.sh@gmail.com ,Leroy,12345566,pradheep.sh@gmail.com ,Quinn,12345566,pradheep.sh@gmail.com 
524,524 ,Emory,12345566,pradheep.sh@gmail.com ,Jerry,12345566,pradheep.sh@gmail.com ,Louis,12345566,pradheep.sh@gmail.com 
525,525 ,Kerry,12345566,pradheep.sh@gmail.com ,Marty,12345566,pradheep.sh@gmail.com ,Scott,12345566,pradheep.sh@gmail.com ,Trent,12345566,pradheep.sh@gmail.com 
527,527 ,Fritz,12345566,pradheep.sh@gmail.com ,Toney,12345566,pradheep.sh@gmail.com 
528,528 ,Lonny,12345566,pradheep.sh@gmail.com ,Timmy,12345566,pradheep.sh@gmail.com ,Tyler,12345566,pradheep.sh@gmail.com 
529,529 ,Willy,12345566,pradheep.sh@gmail.com 
530,530 ,Perry,12345566,pradheep.sh@gmail.com ,Young,12345566,pradheep.sh@gmail.com 
533,533 ,Myron,12345566,pradheep.sh@gmail.com ,Rufus,12345566,pradheep.sh@gmail.com 
534,534 ,Cyrus,12345566,pradheep.sh@gmail.com ,Ronny,12345566,pradheep.sh@gmail.com ,Terry,12345566,pradheep.sh@gmail.com ,Tommy,12345566,pradheep.sh@gmail.com 
535,535 ,Monty,12345566,pradheep.sh@gmail.com ,Sonny,12345566,pradheep.sh@gmail.com 
537,537 ,Dusty,12345566,pradheep.sh@gmail.com ,Ivory,12345566,pradheep.sh@gmail.com ,Titus,12345566,pradheep.sh@gmail.com ,Wyatt,12345566,pradheep.sh@gmail.com 
540,540 ,Tyron,12345566,pradheep.sh@gmail.com 
541,541 ,Tyson,12345566,pradheep.sh@gmail.com 
551,551 ,Rusty,12345566,pradheep.sh@gmail.com 
577,577 ,Fabian,12345566,pradheep.sh@gmail.com 
578,578 ,Chance,12345566,pradheep.sh@gmail.com 
579,579 ,Bobbie,12345566,pradheep.sh@gmail.com 
582,582 ,Jamaal,12345566,pradheep.sh@gmail.com 
583,583 ,Anibal,12345566,pradheep.sh@gmail.com ,Jackie,12345566,pradheep.sh@gmail.com 
585,585 ,Danial,12345566,pradheep.sh@gmail.com 
586,586 ,Cedric,12345566,pradheep.sh@gmail.com ,Damian,12345566,pradheep.sh@gmail.com 
587,587 ,Andrea,12345566,pradheep.sh@gmail.com ,Blaine,12345566,pradheep.sh@gmail.com ,Rafael,12345566,pradheep.sh@gmail.com 
588,588 ,Archie,12345566,pradheep.sh@gmail.com 
589,589 ,Daniel,12345566,pradheep.sh@gmail.com ,Elijah,12345566,pradheep.sh@gmail.com 
590,590 ,Alfred,12345566,pradheep.sh@gmail.com ,Claude,12345566,pradheep.sh@gmail.com ,Damien,12345566,pradheep.sh@gmail.com ,Michal,12345566,pradheep.sh@gmail.com 
591,591 ,Adrian,12345566,pradheep.sh@gmail.com ,Dannie,12345566,pradheep.sh@gmail.com ,Gerald,12345566,pradheep.sh@gmail.com ,Isaiah,12345566,pradheep.sh@gmail.com 
592,592 ,Graham,12345566,pradheep.sh@gmail.com ,Leland,12345566,pradheep.sh@gmail.com 
593,593 ,Bennie,12345566,pradheep.sh@gmail.com ,Billie,12345566,pradheep.sh@gmail.com ,Dallas,12345566,pradheep.sh@gmail.com 
594,594 ,Derick,12345566,pradheep.sh@gmail.com ,Donald,12345566,pradheep.sh@gmail.com ,Horace,12345566,pradheep.sh@gmail.com ,Jerald,12345566,pradheep.sh@gmail.com ,Keenan,12345566,pradheep.sh@gmail.com ,Michel,12345566,pradheep.sh@gmail.com ,Randal,12345566,pradheep.sh@gmail.com 
595,595 ,Armand,12345566,pradheep.sh@gmail.com ,Rashad,12345566,pradheep.sh@gmail.com ,Reggie,12345566,pradheep.sh@gmail.com ,Robbie,12345566,pradheep.sh@gmail.com 
596,596 ,Darell,12345566,pradheep.sh@gmail.com ,Marcel,12345566,pradheep.sh@gmail.com ,Richie,12345566,pradheep.sh@gmail.com 
597,597 ,Adolfo,12345566,pradheep.sh@gmail.com ,Bernie,12345566,pradheep.sh@gmail.com ,Delmar,12345566,pradheep.sh@gmail.com ,Efrain,12345566,pradheep.sh@gmail.com ,Felipe,12345566,pradheep.sh@gmail.com ,Gerard,12345566,pradheep.sh@gmail.com ,Kareem,12345566,pradheep.sh@gmail.com 
598,598 ,Angelo,12345566,pradheep.sh@gmail.com ,Carmen,12345566,pradheep.sh@gmail.com ,Elisha,12345566,pradheep.sh@gmail.com ,Harlan,12345566,pradheep.sh@gmail.com ,Lenard,12345566,pradheep.sh@gmail.com 
599,599 ,Conrad,12345566,pradheep.sh@gmail.com ,Danilo,12345566,pradheep.sh@gmail.com ,Edmond,12345566,pradheep.sh@gmail.com ,Edward,12345566,pradheep.sh@gmail.com ,Rickie,12345566,pradheep.sh@gmail.com 
600,600 ,Adolph,12345566,pradheep.sh@gmail.com ,Damion,12345566,pradheep.sh@gmail.com ,Jarred,12345566,pradheep.sh@gmail.com 
601,601 ,Delmer,12345566,pradheep.sh@gmail.com ,Duncan,12345566,pradheep.sh@gmail.com ,Eugene,12345566,pradheep.sh@gmail.com ,George,12345566,pradheep.sh@gmail.com ,Hayden,12345566,pradheep.sh@gmail.com ,Malcom,12345566,pradheep.sh@gmail.com 
602,602 ,Albert,12345566,pradheep.sh@gmail.com ,Darrel,12345566,pradheep.sh@gmail.com ,German,12345566,pradheep.sh@gmail.com ,Harold,12345566,pradheep.sh@gmail.com ,Isaias,12345566,pradheep.sh@gmail.com ,Nathan,12345566,pradheep.sh@gmail.com 
603,603 ,Herman,12345566,pradheep.sh@gmail.com ,Ismael,12345566,pradheep.sh@gmail.com ,Jimmie,12345566,pradheep.sh@gmail.com 
604,604 ,Connie,12345566,pradheep.sh@gmail.com ,Darren,12345566,pradheep.sh@gmail.com ,Genaro,12345566,pradheep.sh@gmail.com ,Landon,12345566,pradheep.sh@gmail.com ,Sammie,12345566,pradheep.sh@gmail.com 
605,605 ,Andres,12345566,pradheep.sh@gmail.com ,Calvin,12345566,pradheep.sh@gmail.com ,Donnie,12345566,pradheep.sh@gmail.com ,Dorian,12345566,pradheep.sh@gmail.com ,Edmund,12345566,pradheep.sh@gmail.com ,Johnie,12345566,pradheep.sh@gmail.com 
606,606 ,Bradly,12345566,pradheep.sh@gmail.com ,Elbert,12345566,pradheep.sh@gmail.com ,Freddy,12345566,pradheep.sh@gmail.com ,Hassan,12345566,pradheep.sh@gmail.com ,Jordan,12345566,pradheep.sh@gmail.com ,Josiah,12345566,pradheep.sh@gmail.com ,Leslie,12345566,pradheep.sh@gmail.com ,Manual,12345566,pradheep.sh@gmail.com 
607,607 ,Emilio,12345566,pradheep.sh@gmail.com ,Keneth,12345566,pradheep.sh@gmail.com ,Leonel,12345566,pradheep.sh@gmail.com 
608,608 ,Arnold,12345566,pradheep.sh@gmail.com ,Darrin,12345566,pradheep.sh@gmail.com ,Israel,12345566,pradheep.sh@gmail.com ,Isreal,12345566,pradheep.sh@gmail.com ,Jerold,12345566,pradheep.sh@gmail.com ,Lucien,12345566,pradheep.sh@gmail.com ,Roland,12345566,pradheep.sh@gmail.com ,Ronald,12345566,pradheep.sh@gmail.com 
609,609 ,Andrew,12345566,pradheep.sh@gmail.com ,Barney,12345566,pradheep.sh@gmail.com ,Benito,12345566,pradheep.sh@gmail.com ,Carter,12345566,pradheep.sh@gmail.com ,Collin,12345566,pradheep.sh@gmail.com ,Dennis,12345566,pradheep.sh@gmail.com ,Eliseo,12345566,pradheep.sh@gmail.com ,Fermin,12345566,pradheep.sh@gmail.com ,Javier,12345566,pradheep.sh@gmail.com ,Palmer,12345566,pradheep.sh@gmail.com ,Prince,12345566,pradheep.sh@gmail.com ,Reuben,12345566,pradheep.sh@gmail.com ,Rueben,12345566,pradheep.sh@gmail.com ,Stefan,12345566,pradheep.sh@gmail.com 
610,610 ,Booker,12345566,pradheep.sh@gmail.com ,Buford,12345566,pradheep.sh@gmail.com ,Dalton,12345566,pradheep.sh@gmail.com ,Dillon,12345566,pradheep.sh@gmail.com ,Edison,12345566,pradheep.sh@gmail.com ,Jarrod,12345566,pradheep.sh@gmail.com ,Jerome,12345566,pradheep.sh@gmail.com ,Manuel,12345566,pradheep.sh@gmail.com ,Mickey,12345566,pradheep.sh@gmail.com ,Tobias,12345566,pradheep.sh@gmail.com 
611,611 ,Carrol,12345566,pradheep.sh@gmail.com ,Jessie,12345566,pradheep.sh@gmail.com ,Jewell,12345566,pradheep.sh@gmail.com ,Julian,12345566,pradheep.sh@gmail.com ,Lionel,12345566,pradheep.sh@gmail.com ,Marlin,12345566,pradheep.sh@gmail.com ,Miguel,12345566,pradheep.sh@gmail.com ,Rodger,12345566,pradheep.sh@gmail.com ,Samual,12345566,pradheep.sh@gmail.com 
612,612 ,Carlos,12345566,pradheep.sh@gmail.com ,Denver,12345566,pradheep.sh@gmail.com ,Hobert,12345566,pradheep.sh@gmail.com ,Lemuel,12345566,pradheep.sh@gmail.com ,Morgan,12345566,pradheep.sh@gmail.com 
613,613 ,Alvaro,12345566,pradheep.sh@gmail.com ,Antone,12345566,pradheep.sh@gmail.com ,Darwin,12345566,pradheep.sh@gmail.com ,Garret,12345566,pradheep.sh@gmail.com ,Harley,12345566,pradheep.sh@gmail.com ,Hector,12345566,pradheep.sh@gmail.com ,Howard,12345566,pradheep.sh@gmail.com ,Jasper,12345566,pradheep.sh@gmail.com ,Lonnie,12345566,pradheep.sh@gmail.com ,Marcos,12345566,pradheep.sh@gmail.com ,Parker,12345566,pradheep.sh@gmail.com ,Wilber,12345566,pradheep.sh@gmail.com 
614,614 ,Alexis,12345566,pradheep.sh@gmail.com ,Ashley,12345566,pradheep.sh@gmail.com ,Barton,12345566,pradheep.sh@gmail.com ,Benton,12345566,pradheep.sh@gmail.com ,Carson,12345566,pradheep.sh@gmail.com ,Darron,12345566,pradheep.sh@gmail.com ,Jeffry,12345566,pradheep.sh@gmail.com ,Jerrod,12345566,pradheep.sh@gmail.com ,Kelley,12345566,pradheep.sh@gmail.com ,Marion,12345566,pradheep.sh@gmail.com ,Mathew,12345566,pradheep.sh@gmail.com ,Philip,12345566,pradheep.sh@gmail.com ,Walker,12345566,pradheep.sh@gmail.com ,Willie,12345566,pradheep.sh@gmail.com 
615,615 ,Dudley,12345566,pradheep.sh@gmail.com ,Dwight,12345566,pradheep.sh@gmail.com ,Erasmo,12345566,pradheep.sh@gmail.com ,Lauren,12345566,pradheep.sh@gmail.com ,Merlin,12345566,pradheep.sh@gmail.com ,Pierre,12345566,pradheep.sh@gmail.com ,Rickey,12345566,pradheep.sh@gmail.com ,Samuel,12345566,pradheep.sh@gmail.com ,Shelby,12345566,pradheep.sh@gmail.com 
616,616 ,Aubrey,12345566,pradheep.sh@gmail.com ,Darius,12345566,pradheep.sh@gmail.com ,Dwayne,12345566,pradheep.sh@gmail.com ,Felton,12345566,pradheep.sh@gmail.com ,Jeramy,12345566,pradheep.sh@gmail.com ,Lavern,12345566,pradheep.sh@gmail.com ,Shayne,12345566,pradheep.sh@gmail.com ,Tanner,12345566,pradheep.sh@gmail.com ,Tracey,12345566,pradheep.sh@gmail.com 
617,617 ,Antwan,12345566,pradheep.sh@gmail.com ,Elliot,12345566,pradheep.sh@gmail.com ,Gordon,12345566,pradheep.sh@gmail.com ,Harris,12345566,pradheep.sh@gmail.com ,Joesph,12345566,pradheep.sh@gmail.com ,Joseph,12345566,pradheep.sh@gmail.com ,Jospeh,12345566,pradheep.sh@gmail.com ,Kelvin,12345566,pradheep.sh@gmail.com ,Lazaro,12345566,pradheep.sh@gmail.com ,Marlon,12345566,pradheep.sh@gmail.com ,Renato,12345566,pradheep.sh@gmail.com ,Sergio,12345566,pradheep.sh@gmail.com ,Stacey,12345566,pradheep.sh@gmail.com ,Vaughn,12345566,pradheep.sh@gmail.com ,Weldon,12345566,pradheep.sh@gmail.com 
618,618 ,Elwood,12345566,pradheep.sh@gmail.com ,Hubert,12345566,pradheep.sh@gmail.com ,Isidro,12345566,pradheep.sh@gmail.com ,Joshua,12345566,pradheep.sh@gmail.com ,Ramiro,12345566,pradheep.sh@gmail.com 
619,619 ,Hollis,12345566,pradheep.sh@gmail.com ,Lamont,12345566,pradheep.sh@gmail.com ,Marcus,12345566,pradheep.sh@gmail.com ,Martin,12345566,pradheep.sh@gmail.com ,Maximo,12345566,pradheep.sh@gmail.com ,Melvin,12345566,pradheep.sh@gmail.com ,Norman,12345566,pradheep.sh@gmail.com ,Ronnie,12345566,pradheep.sh@gmail.com ,Roscoe,12345566,pradheep.sh@gmail.com ,Tommie,12345566,pradheep.sh@gmail.com 
620,620 ,Alonso,12345566,pradheep.sh@gmail.com ,Dexter,12345566,pradheep.sh@gmail.com ,Emmett,12345566,pradheep.sh@gmail.com ,Gaston,12345566,pradheep.sh@gmail.com ,Jeremy,12345566,pradheep.sh@gmail.com ,Jordon,12345566,pradheep.sh@gmail.com ,Kermit,12345566,pradheep.sh@gmail.com ,Rudolf,12345566,pradheep.sh@gmail.com ,Sidney,12345566,pradheep.sh@gmail.com ,Thomas,12345566,pradheep.sh@gmail.com 
621,621 ,Marvin,12345566,pradheep.sh@gmail.com ,Miquel,12345566,pradheep.sh@gmail.com ,Virgil,12345566,pradheep.sh@gmail.com 
622,622 ,Darryl,12345566,pradheep.sh@gmail.com ,Hilton,12345566,pradheep.sh@gmail.com ,Lesley,12345566,pradheep.sh@gmail.com ,Robert,12345566,pradheep.sh@gmail.com 
623,623 ,Colton,12345566,pradheep.sh@gmail.com ,Harvey,12345566,pradheep.sh@gmail.com ,Irving,12345566,pradheep.sh@gmail.com ,Jarvis,12345566,pradheep.sh@gmail.com ,Kenton,12345566,pradheep.sh@gmail.com ,Lester,12345566,pradheep.sh@gmail.com ,Lowell,12345566,pradheep.sh@gmail.com ,Nelson,12345566,pradheep.sh@gmail.com ,Walter,12345566,pradheep.sh@gmail.com ,Warner,12345566,pradheep.sh@gmail.com ,Warren,12345566,pradheep.sh@gmail.com ,Xavier,12345566,pradheep.sh@gmail.com 
624,624 ,Brooks,12345566,pradheep.sh@gmail.com ,Bryant,12345566,pradheep.sh@gmail.com ,Cletus,12345566,pradheep.sh@gmail.com ,Emmitt,12345566,pradheep.sh@gmail.com ,Moises,12345566,pradheep.sh@gmail.com ,Monroe,12345566,pradheep.sh@gmail.com ,Stevie,12345566,pradheep.sh@gmail.com ,Theron,12345566,pradheep.sh@gmail.com ,Wilmer,12345566,pradheep.sh@gmail.com 
625,625 ,Dewitt,12345566,pradheep.sh@gmail.com ,Ernest,12345566,pradheep.sh@gmail.com ,Mervin,12345566,pradheep.sh@gmail.com ,Oliver,12345566,pradheep.sh@gmail.com ,Rodney,12345566,pradheep.sh@gmail.com 
626,626 ,Fausto,12345566,pradheep.sh@gmail.com 
627,627 ,Alonzo,12345566,pradheep.sh@gmail.com ,Forest,12345566,pradheep.sh@gmail.com ,Foster,12345566,pradheep.sh@gmail.com ,Judson,12345566,pradheep.sh@gmail.com ,Markus,12345566,pradheep.sh@gmail.com ,Milton,12345566,pradheep.sh@gmail.com ,Werner,12345566,pradheep.sh@gmail.com 
628,628 ,Austin,12345566,pradheep.sh@gmail.com ,Jayson,12345566,pradheep.sh@gmail.com ,Luther,12345566,pradheep.sh@gmail.com ,Lyndon,12345566,pradheep.sh@gmail.com ,Willis,12345566,pradheep.sh@gmail.com 
629,629 ,Buster,12345566,pradheep.sh@gmail.com ,Grover,12345566,pradheep.sh@gmail.com ,Lucius,12345566,pradheep.sh@gmail.com ,Steven,12345566,pradheep.sh@gmail.com ,Walton,12345566,pradheep.sh@gmail.com ,Wilbur,12345566,pradheep.sh@gmail.com 
630,630 ,Arthur,12345566,pradheep.sh@gmail.com ,Dorsey,12345566,pradheep.sh@gmail.com ,Hunter,12345566,pradheep.sh@gmail.com ,Jeromy,12345566,pradheep.sh@gmail.com ,Johnny,12345566,pradheep.sh@gmail.com ,Raymon,12345566,pradheep.sh@gmail.com 
631,631 ,Cortez,12345566,pradheep.sh@gmail.com ,Dustin,12345566,pradheep.sh@gmail.com ,Junior,12345566,pradheep.sh@gmail.com ,Truman,12345566,pradheep.sh@gmail.com ,Victor,12345566,pradheep.sh@gmail.com 
632,632 ,Santos,12345566,pradheep.sh@gmail.com ,Vernon,12345566,pradheep.sh@gmail.com 
633,633 ,Antony,12345566,pradheep.sh@gmail.com ,August,12345566,pradheep.sh@gmail.com ,Quincy,12345566,pradheep.sh@gmail.com ,Travis,12345566,pradheep.sh@gmail.com ,Wesley,12345566,pradheep.sh@gmail.com 
634,634 ,Burton,12345566,pradheep.sh@gmail.com ,Curtis,12345566,pradheep.sh@gmail.com ,Waylon,12345566,pradheep.sh@gmail.com 
635,635 ,Nestor,12345566,pradheep.sh@gmail.com ,Newton,12345566,pradheep.sh@gmail.com ,Taylor,12345566,pradheep.sh@gmail.com 
636,636 ,Julius,12345566,pradheep.sh@gmail.com ,Morris,12345566,pradheep.sh@gmail.com ,Porter,12345566,pradheep.sh@gmail.com ,Sydney,12345566,pradheep.sh@gmail.com ,Tyrell,12345566,pradheep.sh@gmail.com ,Wilson,12345566,pradheep.sh@gmail.com 
637,637 ,Arturo,12345566,pradheep.sh@gmail.com ,Justin,12345566,pradheep.sh@gmail.com ,Norris,12345566,pradheep.sh@gmail.com ,Wilton,12345566,pradheep.sh@gmail.com 
638,638 ,Russel,12345566,pradheep.sh@gmail.com 
639,639 ,Morton,12345566,pradheep.sh@gmail.com 
640,640 ,Murray,12345566,pradheep.sh@gmail.com ,Weston,12345566,pradheep.sh@gmail.com 
641,641 ,Tyrone,12345566,pradheep.sh@gmail.com 
642,642 ,Kurtis,12345566,pradheep.sh@gmail.com ,Rupert,12345566,pradheep.sh@gmail.com ,Trevor,12345566,pradheep.sh@gmail.com 
643,643 ,Stuart,12345566,pradheep.sh@gmail.com 
646,646 ,Scotty,12345566,pradheep.sh@gmail.com 
684,684 ,Abraham,12345566,pradheep.sh@gmail.com 
691,691 ,Deandre,12345566,pradheep.sh@gmail.com ,Freddie,12345566,pradheep.sh@gmail.com ,Michael,12345566,pradheep.sh@gmail.com ,Michale,12345566,pradheep.sh@gmail.com ,Micheal,12345566,pradheep.sh@gmail.com 
693,693 ,Cedrick,12345566,pradheep.sh@gmail.com 
694,694 ,Edgardo,12345566,pradheep.sh@gmail.com ,Gabriel,12345566,pradheep.sh@gmail.com 
696,696 ,Charlie,12345566,pradheep.sh@gmail.com 
697,697 ,Garland,12345566,pradheep.sh@gmail.com ,Wallace,12345566,pradheep.sh@gmail.com 
698,698 ,Branden,12345566,pradheep.sh@gmail.com ,Brendan,12345566,pradheep.sh@gmail.com ,Harland,12345566,pradheep.sh@gmail.com ,Ignacio,12345566,pradheep.sh@gmail.com 
699,699 ,Kendall,12345566,pradheep.sh@gmail.com ,Mohamed,12345566,pradheep.sh@gmail.com 
700,700 ,Raleigh,12345566,pradheep.sh@gmail.com 
701,701 ,Alfredo,12345566,pradheep.sh@gmail.com ,Raphael,12345566,pradheep.sh@gmail.com ,Richard,12345566,pradheep.sh@gmail.com 
702,702 ,Andreas,12345566,pradheep.sh@gmail.com ,Bernard,12345566,pradheep.sh@gmail.com ,Freeman,12345566,pradheep.sh@gmail.com ,Geraldo,12345566,pradheep.sh@gmail.com ,Randall,12345566,pradheep.sh@gmail.com 
703,703 ,Carmine,12345566,pradheep.sh@gmail.com ,Coleman,12345566,pradheep.sh@gmail.com ,Domenic,12345566,pradheep.sh@gmail.com ,Fredric,12345566,pradheep.sh@gmail.com 
704,704 ,Darrick,12345566,pradheep.sh@gmail.com ,Frankie,12345566,pradheep.sh@gmail.com 
705,705 ,Claudio,12345566,pradheep.sh@gmail.com 
706,706 ,Armando,12345566,pradheep.sh@gmail.com ,Charles,12345566,pradheep.sh@gmail.com ,Darnell,12345566,pradheep.sh@gmail.com ,Delbert,12345566,pradheep.sh@gmail.com ,Esteban,12345566,pradheep.sh@gmail.com ,Frances,12345566,pradheep.sh@gmail.com ,Randell,12345566,pradheep.sh@gmail.com 
707,707 ,Bradley,12345566,pradheep.sh@gmail.com ,Carmelo,12345566,pradheep.sh@gmail.com ,Dominic,12345566,pradheep.sh@gmail.com ,Marcelo,12345566,pradheep.sh@gmail.com 
708,708 ,Brandon,12345566,pradheep.sh@gmail.com ,Derrick,12345566,pradheep.sh@gmail.com ,Eduardo,12345566,pradheep.sh@gmail.com ,Gerardo,12345566,pradheep.sh@gmail.com ,Ricardo,12345566,pradheep.sh@gmail.com 
709,709 ,Cameron,12345566,pradheep.sh@gmail.com ,Cordell,12345566,pradheep.sh@gmail.com ,Horacio,12345566,pradheep.sh@gmail.com ,Leandro,12345566,pradheep.sh@gmail.com ,Leonard,12345566,pradheep.sh@gmail.com ,Malcolm,12345566,pradheep.sh@gmail.com ,Millard,12345566,pradheep.sh@gmail.com ,Renaldo,12345566,pradheep.sh@gmail.com 
710,710 ,Darrell,12345566,pradheep.sh@gmail.com ,Edwardo,12345566,pradheep.sh@gmail.com ,Francis,12345566,pradheep.sh@gmail.com ,Maurice,12345566,pradheep.sh@gmail.com ,Mitchel,12345566,pradheep.sh@gmail.com ,Terence,12345566,pradheep.sh@gmail.com 
711,711 ,Emanuel,12345566,pradheep.sh@gmail.com ,Mariano,12345566,pradheep.sh@gmail.com 
712,712 ,Brendon,12345566,pradheep.sh@gmail.com ,Charley,12345566,pradheep.sh@gmail.com ,Clement,12345566,pradheep.sh@gmail.com ,Hilario,12345566,pradheep.sh@gmail.com ,Jacinto,12345566,pradheep.sh@gmail.com 
713,713 ,Alberto,12345566,pradheep.sh@gmail.com ,Ambrose,12345566,pradheep.sh@gmail.com ,Ezekiel,12345566,pradheep.sh@gmail.com ,Gilbert,12345566,pradheep.sh@gmail.com ,Jackson,12345566,pradheep.sh@gmail.com ,Nicolas,12345566,pradheep.sh@gmail.com 
714,714 ,Antonia,12345566,pradheep.sh@gmail.com ,Deshawn,12345566,pradheep.sh@gmail.com ,Desmond,12345566,pradheep.sh@gmail.com 
715,715 ,Hershel,12345566,pradheep.sh@gmail.com ,Jeffery,12345566,pradheep.sh@gmail.com ,Jeffrey,12345566,pradheep.sh@gmail.com ,Johnnie,12345566,pradheep.sh@gmail.com ,Luciano,12345566,pradheep.sh@gmail.com ,Wendell,12345566,pradheep.sh@gmail.com 
716,716 ,Donnell,12345566,pradheep.sh@gmail.com ,Edmundo,12345566,pradheep.sh@gmail.com ,Eugenio,12345566,pradheep.sh@gmail.com ,Eusebio,12345566,pradheep.sh@gmail.com ,Herbert,12345566,pradheep.sh@gmail.com ,Jacques,12345566,pradheep.sh@gmail.com ,Maynard,12345566,pradheep.sh@gmail.com ,Rolland,12345566,pradheep.sh@gmail.com 
717,717 ,Bertram,12345566,pradheep.sh@gmail.com ,Dewayne,12345566,pradheep.sh@gmail.com ,Domingo,12345566,pradheep.sh@gmail.com ,Kenneth,12345566,pradheep.sh@gmail.com ,Laverne,12345566,pradheep.sh@gmail.com ,Milford,12345566,pradheep.sh@gmail.com ,Sanford,12345566,pradheep.sh@gmail.com ,Sheldon,12345566,pradheep.sh@gmail.com ,Wilfred,12345566,pradheep.sh@gmail.com 
718,718 ,Antione,12345566,pradheep.sh@gmail.com ,Antoine,12345566,pradheep.sh@gmail.com ,Chester,12345566,pradheep.sh@gmail.com ,Patrick,12345566,pradheep.sh@gmail.com ,Rodrick,12345566,pradheep.sh@gmail.com ,Sherman,12345566,pradheep.sh@gmail.com ,Vicente,12345566,pradheep.sh@gmail.com 
719,719 ,Arnoldo,12345566,pradheep.sh@gmail.com ,Carroll,12345566,pradheep.sh@gmail.com ,Clifton,12345566,pradheep.sh@gmail.com ,Cornell,12345566,pradheep.sh@gmail.com ,Douglas,12345566,pradheep.sh@gmail.com ,Lincoln,12345566,pradheep.sh@gmail.com ,Neville,12345566,pradheep.sh@gmail.com ,Normand,12345566,pradheep.sh@gmail.com ,Orlando,12345566,pradheep.sh@gmail.com ,Rolando,12345566,pradheep.sh@gmail.com ,Willard,12345566,pradheep.sh@gmail.com ,William,12345566,pradheep.sh@gmail.com ,Winfred,12345566,pradheep.sh@gmail.com 
720,720 ,Bennett,12345566,pradheep.sh@gmail.com ,Jerrell,12345566,pradheep.sh@gmail.com ,Spencer,12345566,pradheep.sh@gmail.com ,Willian,12345566,pradheep.sh@gmail.com 
721,721 ,Aurelio,12345566,pradheep.sh@gmail.com ,Jamison,12345566,pradheep.sh@gmail.com ,Kennith,12345566,pradheep.sh@gmail.com ,Refugio,12345566,pradheep.sh@gmail.com ,Rogelio,12345566,pradheep.sh@gmail.com 
722,722 ,Alfonso,12345566,pradheep.sh@gmail.com ,Earnest,12345566,pradheep.sh@gmail.com ,Gaylord,12345566,pradheep.sh@gmail.com ,Jerrold,12345566,pradheep.sh@gmail.com ,Phillip,12345566,pradheep.sh@gmail.com ,Zachary,12345566,pradheep.sh@gmail.com 
723,723 ,Carlton,12345566,pradheep.sh@gmail.com ,Stephan,12345566,pradheep.sh@gmail.com 
724,724 ,Barrett,12345566,pradheep.sh@gmail.com ,Lindsay,12345566,pradheep.sh@gmail.com 
725,725 ,Donovan,12345566,pradheep.sh@gmail.com ,Octavio,12345566,pradheep.sh@gmail.com ,Rodolfo,12345566,pradheep.sh@gmail.com ,Shannon,12345566,pradheep.sh@gmail.com ,Zackary,12345566,pradheep.sh@gmail.com 
726,726 ,Rodrigo,12345566,pradheep.sh@gmail.com ,Zachery,12345566,pradheep.sh@gmail.com 
727,727 ,Arnulfo,12345566,pradheep.sh@gmail.com ,Clinton,12345566,pradheep.sh@gmail.com ,Joaquin,12345566,pradheep.sh@gmail.com ,Merrill,12345566,pradheep.sh@gmail.com ,Rayford,12345566,pradheep.sh@gmail.com ,Stephen,12345566,pradheep.sh@gmail.com ,Vincent,12345566,pradheep.sh@gmail.com ,Wilford,12345566,pradheep.sh@gmail.com 
728,728 ,Antonio,12345566,pradheep.sh@gmail.com ,Brenton,12345566,pradheep.sh@gmail.com ,Lindsey,12345566,pradheep.sh@gmail.com ,Osvaldo,12345566,pradheep.sh@gmail.com 
729,729 ,Alfonzo,12345566,pradheep.sh@gmail.com ,Emerson,12345566,pradheep.sh@gmail.com ,Enrique,12345566,pradheep.sh@gmail.com ,Garrett,12345566,pradheep.sh@gmail.com ,Oswaldo,12345566,pradheep.sh@gmail.com ,Wilbert,12345566,pradheep.sh@gmail.com ,Winford,12345566,pradheep.sh@gmail.com 
730,730 ,Clayton,12345566,pradheep.sh@gmail.com ,Gonzalo,12345566,pradheep.sh@gmail.com ,Matthew,12345566,pradheep.sh@gmail.com ,Maxwell,12345566,pradheep.sh@gmail.com ,Raymond,12345566,pradheep.sh@gmail.com ,Rosendo,12345566,pradheep.sh@gmail.com ,Terrell,12345566,pradheep.sh@gmail.com 
731,731 ,Agustin,12345566,pradheep.sh@gmail.com ,Haywood,12345566,pradheep.sh@gmail.com ,Modesto,12345566,pradheep.sh@gmail.com ,Scottie,12345566,pradheep.sh@gmail.com 
732,732 ,Jarrett,12345566,pradheep.sh@gmail.com ,Linwood,12345566,pradheep.sh@gmail.com ,Norbert,12345566,pradheep.sh@gmail.com ,Numbers,12345566,pradheep.sh@gmail.com ,Teodoro,12345566,pradheep.sh@gmail.com 
733,733 ,Elliott,12345566,pradheep.sh@gmail.com ,Orville,12345566,pradheep.sh@gmail.com ,Roberto,12345566,pradheep.sh@gmail.com ,Shelton,12345566,pradheep.sh@gmail.com 
734,734 ,Rudolph,12345566,pradheep.sh@gmail.com 
735,735 ,Everett,12345566,pradheep.sh@gmail.com ,Gregory,12345566,pradheep.sh@gmail.com ,Johnson,12345566,pradheep.sh@gmail.com ,Rosario,12345566,pradheep.sh@gmail.com ,Thurman,12345566,pradheep.sh@gmail.com 
736,736 ,Ernesto,12345566,pradheep.sh@gmail.com ,Shirley,12345566,pradheep.sh@gmail.com ,Stanley,12345566,pradheep.sh@gmail.com 
737,737 ,Anthony,12345566,pradheep.sh@gmail.com 
738,738 ,Marquis,12345566,pradheep.sh@gmail.com 
739,739 ,Wilburn,12345566,pradheep.sh@gmail.com 
740,740 ,Quentin,12345566,pradheep.sh@gmail.com 
741,741 ,Forrest,12345566,pradheep.sh@gmail.com ,Tristan,12345566,pradheep.sh@gmail.com 
743,743 ,Solomon,12345566,pradheep.sh@gmail.com ,Stanton,12345566,pradheep.sh@gmail.com 
744,744 ,Quintin,12345566,pradheep.sh@gmail.com ,Whitney,12345566,pradheep.sh@gmail.com 
745,745 ,Gustavo,12345566,pradheep.sh@gmail.com ,Lorenzo,12345566,pradheep.sh@gmail.com 
746,746 ,Russell,12345566,pradheep.sh@gmail.com ,Stewart,12345566,pradheep.sh@gmail.com ,Trenton,12345566,pradheep.sh@gmail.com 
747,747 ,Preston,12345566,pradheep.sh@gmail.com 
748,748 ,Lynwood,12345566,pradheep.sh@gmail.com 
750,750 ,Quinton,12345566,pradheep.sh@gmail.com ,Timothy,12345566,pradheep.sh@gmail.com 
752,752 ,Houston,12345566,pradheep.sh@gmail.com 
753,753 ,Woodrow,12345566,pradheep.sh@gmail.com 
754,754 ,Winston,12345566,pradheep.sh@gmail.com 
756,756 ,Seymour,12345566,pradheep.sh@gmail.com 
760,760 ,Ulysses,12345566,pradheep.sh@gmail.com 
797,797 ,Clarence,12345566,pradheep.sh@gmail.com 
798,798 ,Benedict,12345566,pradheep.sh@gmail.com ,Chadwick,12345566,pradheep.sh@gmail.com ,Garfield,12345566,pradheep.sh@gmail.com 
799,799 ,Deangelo,12345566,pradheep.sh@gmail.com 
800,800 ,Eldridge,12345566,pradheep.sh@gmail.com 
801,801 ,Federico,12345566,pradheep.sh@gmail.com 
804,804 ,Benjamin,12345566,pradheep.sh@gmail.com ,Bradford,12345566,pradheep.sh@gmail.com ,Frederic,12345566,pradheep.sh@gmail.com ,Mohammad,12345566,pradheep.sh@gmail.com 
805,805 ,Jeremiah,12345566,pradheep.sh@gmail.com 
806,806 ,Reginald,12345566,pradheep.sh@gmail.com 
808,808 ,Mohammed,12345566,pradheep.sh@gmail.com 
809,809 ,Clifford,12345566,pradheep.sh@gmail.com 
810,810 ,Fredrick,12345566,pradheep.sh@gmail.com 
811,811 ,Jermaine,12345566,pradheep.sh@gmail.com ,Kendrick,12345566,pradheep.sh@gmail.com 
813,813 ,Bernardo,12345566,pradheep.sh@gmail.com ,Clemente,12345566,pradheep.sh@gmail.com ,Fernando,12345566,pradheep.sh@gmail.com ,Fletcher,12345566,pradheep.sh@gmail.com ,Patricia,12345566,pradheep.sh@gmail.com 
814,814 ,Dominick,12345566,pradheep.sh@gmail.com ,Herschel,12345566,pradheep.sh@gmail.com ,Reinaldo,12345566,pradheep.sh@gmail.com 
815,815 ,Laurence,12345566,pradheep.sh@gmail.com ,Trinidad,12345566,pradheep.sh@gmail.com 
816,816 ,Chauncey,12345566,pradheep.sh@gmail.com ,Jefferey,12345566,pradheep.sh@gmail.com 
817,817 ,Lawrence,12345566,pradheep.sh@gmail.com ,Nicholas,12345566,pradheep.sh@gmail.com 
818,818 ,Mitchell,12345566,pradheep.sh@gmail.com ,Thaddeus,12345566,pradheep.sh@gmail.com 
819,819 ,Jonathan,12345566,pradheep.sh@gmail.com ,Roderick,12345566,pradheep.sh@gmail.com 
820,820 ,Demarcus,12345566,pradheep.sh@gmail.com ,Emmanuel,12345566,pradheep.sh@gmail.com ,Leonardo,12345566,pradheep.sh@gmail.com ,Marshall,12345566,pradheep.sh@gmail.com ,Nickolas,12345566,pradheep.sh@gmail.com ,Terrance,12345566,pradheep.sh@gmail.com 
821,821 ,Franklin,12345566,pradheep.sh@gmail.com 
822,822 ,Santiago,12345566,pradheep.sh@gmail.com 
823,823 ,Geoffrey,12345566,pradheep.sh@gmail.com 
824,824 ,Gilberto,12345566,pradheep.sh@gmail.com ,Randolph,12345566,pradheep.sh@gmail.com ,Terrence,12345566,pradheep.sh@gmail.com 
825,825 ,Mauricio,12345566,pradheep.sh@gmail.com 
826,826 ,Alphonse,12345566,pradheep.sh@gmail.com ,Anderson,12345566,pradheep.sh@gmail.com ,Theodore,12345566,pradheep.sh@gmail.com 
827,827 ,Giovanni,12345566,pradheep.sh@gmail.com 
828,828 ,Mckinley,12345566,pradheep.sh@gmail.com ,Napoleon,12345566,pradheep.sh@gmail.com ,Pasquale,12345566,pradheep.sh@gmail.com ,Salvador,12345566,pradheep.sh@gmail.com ,Wilfredo,12345566,pradheep.sh@gmail.com 
830,830 ,Gregorio,12345566,pradheep.sh@gmail.com ,Leopoldo,12345566,pradheep.sh@gmail.com ,Reynaldo,12345566,pradheep.sh@gmail.com 
833,833 ,Jonathon,12345566,pradheep.sh@gmail.com ,Stanford,12345566,pradheep.sh@gmail.com ,Valentin,12345566,pradheep.sh@gmail.com 
834,834 ,Douglass,12345566,pradheep.sh@gmail.com ,Giuseppe,12345566,pradheep.sh@gmail.com ,Williams,12345566,pradheep.sh@gmail.com 
836,836 ,Alphonso,12345566,pradheep.sh@gmail.com ,Everette,12345566,pradheep.sh@gmail.com ,Ezequiel,12345566,pradheep.sh@gmail.com 
837,837 ,Franklyn,12345566,pradheep.sh@gmail.com ,Virgilio,12345566,pradheep.sh@gmail.com 
838,838 ,Harrison,12345566,pradheep.sh@gmail.com ,Humberto,12345566,pradheep.sh@gmail.com 
840,840 ,Hipolito,12345566,pradheep.sh@gmail.com ,Sterling,12345566,pradheep.sh@gmail.com 
841,841 ,Faustino,12345566,pradheep.sh@gmail.com 
842,842 ,Columbus,12345566,pradheep.sh@gmail.com ,Porfirio,12345566,pradheep.sh@gmail.com 
843,843 ,Norberto,12345566,pradheep.sh@gmail.com ,Sherwood,12345566,pradheep.sh@gmail.com 
844,844 ,Vincenzo,12345566,pradheep.sh@gmail.com 
847,847 ,Raymundo,12345566,pradheep.sh@gmail.com 
857,857 ,Courtney,12345566,pradheep.sh@gmail.com 
865,865 ,Augustus,12345566,pradheep.sh@gmail.com 
907,907 ,Ferdinand,12345566,pradheep.sh@gmail.com ,Zachariah,12345566,pradheep.sh@gmail.com 
908,908 ,Nathanael,12345566,pradheep.sh@gmail.com 
910,910 ,Adalberto,12345566,pradheep.sh@gmail.com ,Cleveland,12345566,pradheep.sh@gmail.com 
911,911 ,Frederick,12345566,pradheep.sh@gmail.com 
912,912 ,Alejandro,12345566,pradheep.sh@gmail.com ,Nathanial,12345566,pradheep.sh@gmail.com 
916,916 ,Alexander,12345566,pradheep.sh@gmail.com ,Francesco,12345566,pradheep.sh@gmail.com ,Nathaniel,12345566,pradheep.sh@gmail.com 
917,917 ,Broderick,12345566,pradheep.sh@gmail.com 
918,918 ,Lawerence,12345566,pradheep.sh@gmail.com 
920,920 ,Francisco,12345566,pradheep.sh@gmail.com ,Guadalupe,12345566,pradheep.sh@gmail.com 
922,922 ,Marcelino,12345566,pradheep.sh@gmail.com ,Sebastian,12345566,pradheep.sh@gmail.com 
923,923 ,Johnathan,12345566,pradheep.sh@gmail.com 
928,928 ,Filiberto,12345566,pradheep.sh@gmail.com 
929,929 ,Florencio,12345566,pradheep.sh@gmail.com 
930,930 ,Jefferson,12345566,pradheep.sh@gmail.com 
931,931 ,Cristobal,12345566,pradheep.sh@gmail.com 
932,932 ,Granville,12345566,pradheep.sh@gmail.com ,Heriberto,12345566,pradheep.sh@gmail.com 
933,933 ,Christian,12345566,pradheep.sh@gmail.com 
934,934 ,Margarito,12345566,pradheep.sh@gmail.com ,Valentine,12345566,pradheep.sh@gmail.com 
936,936 ,Marcellus,12345566,pradheep.sh@gmail.com 
937,937 ,Johnathon,12345566,pradheep.sh@gmail.com 
939,939 ,Dominique,12345566,pradheep.sh@gmail.com 
941,941 ,Rigoberto,12345566,pradheep.sh@gmail.com 
944,944 ,Guillermo,12345566,pradheep.sh@gmail.com 
945,945 ,Salvatore,12345566,pradheep.sh@gmail.com 
946,946 ,Demetrius,12345566,pradheep.sh@gmail.com 
948,948 ,Cornelius,12345566,pradheep.sh@gmail.com 
949,949 ,Augustine,12345566,pradheep.sh@gmail.com 
953,953 ,Kristofer,12345566,pradheep.sh@gmail.com 
963,963 ,Roosevelt,12345566,pradheep.sh@gmail.com 
964,964 ,Ellsworth,12345566,pradheep.sh@gmail.com 
977,977 ,Sylvester,12345566,pradheep.sh@gmail.com 
1056,1056 ,Florentino,12345566,pradheep.sh@gmail.com 
1059,1059 ,Christoper,12345566,pradheep.sh@gmail.com ,Cristopher,12345566,pradheep.sh@gmail.com 
1067,1067 ,Kristopher,12345566,pradheep.sh@gmail.com 
1163,1163 ,Christopher,12345566,pradheep.sh@gmail.com 
